Date,Close,Open,High,Low,Volume,Change
2020-01-02,75.09,74.06,75.15,73.8,135650000.0,0.0229
2020-01-03,74.36,74.29,75.14,74.12,146540000.0,-0.0097
2020-01-06,74.95,73.45,74.99,73.19,118580000.0,0.0079
2020-01-07,74.6,74.96,75.22,74.37,111510000.0,-0.004699999999999999
2020-01-08,75.8,74.29,76.11,74.29,132360000.00000001,0.0161
2020-01-09,77.41,76.81,77.61,76.55,170490000.0,0.0212
2020-01-10,77.58,77.65,78.17,77.06,140870000.0,0.0022
2020-01-13,79.24,77.91,79.27,77.79,122090000.0,0.021400000000000002
2020-01-14,78.17,79.17,79.39,78.04,162610000.0,-0.013500000000000002
2020-01-15,77.83,77.96,78.88,77.39,121920000.0,-0.0043
2020-01-16,78.81,78.4,78.92,78.02,108830000.0,0.0126
2020-01-17,79.68,79.07,79.69,78.75,137820000.0,0.011000000000000001
2020-01-21,79.14,79.3,79.75,79.0,110840000.0,-0.0068000000000000005
2020-01-22,79.42,79.64,80.0,79.33,101830000.0,0.0034999999999999996
2020-01-23,79.81,79.48,79.89,78.91,104470000.0,0.0049
2020-01-24,79.58,80.06,80.83,79.38,146540000.0,-0.0029
2020-01-27,77.24,77.52,77.94,76.22,161940000.0,-0.0294
2020-01-28,79.42,78.15,79.6,78.05,162230000.0,0.0282
2020-01-29,81.08,81.11,81.96,80.34,216600000.0,0.0209
2020-01-30,80.97,80.14,81.02,79.69,126740000.0,-0.0014000000000000002
2020-01-31,77.38,80.23,80.67,77.07,199590000.0,-0.0443
2020-02-03,77.17,76.08,78.37,75.56,173990000.0,-0.0027
2020-02-04,79.71,78.83,79.91,78.41,136620000.0,0.0329
2020-02-05,80.36,80.88,81.19,79.74,118830000.0,0.008199999999999999
2020-02-06,81.3,80.64,81.31,80.07,105430000.0,0.011699999999999999
2020-02-07,80.01,80.59,80.85,79.5,117680000.0,-0.0159
2020-02-10,80.39,78.55,80.39,78.46,109350000.0,0.004699999999999999
2020-02-11,79.9,80.9,80.97,79.68,94320000.0,-0.0060999999999999995
2020-02-12,81.8,80.37,81.81,80.37,113730000.0,0.023799999999999998
2020-02-13,81.22,81.05,81.56,80.84,94750000.0,-0.0070999999999999995
2020-02-14,81.24,81.19,81.5,80.71,80110000.0,0.0002
2020-02-18,79.75,78.84,79.94,78.65,152760000.0,-0.0183
2020-02-19,80.91,80.0,81.14,80.0,93980000.0,0.014499999999999999
2020-02-20,80.08,80.66,81.16,79.55,100570000.0,-0.0103
2020-02-21,78.26,79.66,80.11,77.62,129710000.00000001,-0.0227
2020-02-24,74.55,74.31,76.05,72.31,222200000.0,-0.047400000000000005
2020-02-25,72.02,75.24,75.63,71.53,230670000.0,-0.0339
2020-02-26,73.16,71.63,74.47,71.62,198710000.0,0.0158
2020-02-27,68.38,70.28,71.5,68.24,320610000.0,-0.0653
2020-02-28,68.34,64.31,69.6,64.09,426880000.0,-0.0006
2020-03-02,74.7,70.57,75.36,69.43,341400000.0,0.0931
2020-03-03,72.33,75.92,76.0,71.45,319480000.0,-0.0317
2020-03-04,75.69,74.11,75.85,73.28,219180000.0,0.04650000000000001
2020-03-05,73.23,73.88,74.89,72.85,187570000.0,-0.0325
2020-03-06,72.26,70.5,72.7,70.31,226180000.0,-0.0132
2020-03-09,66.54,65.94,69.52,65.75,286740000.0,-0.07919999999999999
2020-03-10,71.33,69.28,71.61,67.34,285290000.0,0.07200000000000001
2020-03-11,68.86,69.35,70.31,67.97,256380000.0,-0.0346
2020-03-12,62.06,63.98,67.5,62.0,418470000.0,-0.09880000000000001
2020-03-13,69.49,66.22,69.98,63.24,370730000.0,0.1197
2020-03-16,60.55,60.49,64.77,60.0,322420000.0,-0.12869999999999998
2020-03-17,63.22,61.88,64.4,59.6,324060000.0,0.0441
2020-03-18,61.67,59.94,62.5,59.28,300230000.0,-0.0245
2020-03-19,61.2,61.85,63.21,60.65,271860000.0,-0.0076
2020-03-20,57.31,61.8,62.96,57.0,401690000.0,-0.0636
2020-03-23,56.09,57.02,57.12,53.15,336750000.0,-0.0213
2020-03-24,61.72,59.09,61.92,58.58,287530000.0,0.10039999999999999
2020-03-25,61.38,62.69,64.56,61.08,303600000.0,-0.0055000000000000005
2020-03-26,64.61,61.63,64.67,61.59,252560000.0,0.0526
2020-03-27,61.94,63.19,63.97,61.76,204220000.0,-0.041299999999999996
2020-03-30,63.7,62.69,63.88,62.35,167980000.0,0.028399999999999998
2020-03-31,63.57,63.9,65.62,63.0,197000000.0,-0.002
2020-04-01,60.23,61.62,62.18,59.78,176220000.0,-0.0525
2020-04-02,61.23,60.09,61.29,59.23,165930000.0,0.0166
2020-04-03,60.35,60.7,61.42,59.74,129880000.0,-0.0144
2020-04-06,65.62,62.73,65.78,62.34,201820000.0,0.0873
2020-04-07,64.86,67.7,67.92,64.75,202890000.0,-0.0116
2020-04-08,66.52,65.69,66.84,65.31,168900000.0,0.0256
2020-04-09,67.0,67.17,67.52,66.17,162120000.0,0.0072
2020-04-13,68.31,67.08,68.42,66.46,131020000.00000001,0.0196
2020-04-14,71.76,70.0,72.06,69.51,194990000.0,0.050499999999999996
2020-04-15,71.11,70.6,71.58,70.16,131150000.0,-0.0091
2020-04-16,71.67,71.84,72.05,70.59,157130000.0,0.0079
2020-04-17,70.7,71.17,71.74,69.22,215250000.0,-0.013500000000000002
2020-04-20,69.23,69.49,70.42,69.21,130020000.00000001,-0.0208
2020-04-21,67.09,69.07,69.31,66.36,180990000.0,-0.030899999999999997
2020-04-22,69.03,68.4,69.47,68.05,117060000.0,0.028900000000000002
2020-04-23,68.76,68.97,70.44,68.72,124810000.0,-0.0039000000000000003
2020-04-24,70.74,69.3,70.75,69.25,126510000.0,0.0288
2020-04-27,70.79,70.45,71.14,69.99,117090000.0,0.0007000000000000001
2020-04-28,69.64,71.27,71.46,69.55,112000000.0,-0.016200000000000003
2020-04-29,71.93,71.18,72.42,70.97,137280000.0,0.0329
2020-04-30,73.45,72.49,73.63,72.09,183060000.0,0.021099999999999997
2020-05-01,72.27,71.56,74.75,71.46,240620000.0,-0.0161
2020-05-04,73.29,72.29,73.42,71.58,133570000.0,0.0141
2020-05-05,74.39,73.77,75.25,73.61,147750000.0,0.015
2020-05-06,75.16,75.11,75.81,74.72,142330000.0,0.0104
2020-05-07,75.94,75.81,76.29,75.49,115220000.0,0.0104
2020-05-08,77.53,76.41,77.59,76.07,134050000.00000001,0.0209
2020-05-11,78.75,77.03,79.26,76.81,145950000.0,0.015700000000000002
2020-05-12,77.85,79.46,79.92,77.73,162300000.0,-0.011399999999999999
2020-05-13,76.91,78.04,78.99,75.8,200620000.0,-0.0121
2020-05-14,77.39,76.13,77.45,75.38,158930000.0,0.0062
2020-05-15,76.93,75.09,76.97,75.05,166350000.0,-0.0059
2020-05-18,78.74,78.29,79.12,77.58,135370000.0,0.0235
2020-05-19,78.28,78.76,79.63,78.25,101730000.0,-0.0058
2020-05-20,79.81,79.17,79.88,79.05,111500000.0,0.0195
2020-05-21,79.21,79.67,80.22,78.97,102690000.0,-0.0075
2020-05-22,79.72,78.94,79.81,78.84,81800000.0,0.0064
2020-05-26,79.18,80.88,81.06,79.12,125520000.0,-0.0068000000000000005
2020-05-27,79.53,79.03,79.68,78.27,112950000.0,0.0044
2020-05-28,79.56,79.19,80.86,78.91,133800000.00000001,0.0004
2020-05-29,79.48,79.81,80.29,79.12,153600000.0,-0.001
2020-06-01,80.46,79.44,80.59,79.3,81020000.0,0.0123
2020-06-02,80.83,80.19,80.86,79.73,87640000.0,0.0046
2020-06-03,81.28,81.17,81.55,80.58,104490000.0,0.005600000000000001
2020-06-04,80.58,81.1,81.41,80.19,87560000.0,-0.0086
2020-06-05,82.88,80.84,82.94,80.81,137250000.0,0.0285
2020-06-08,83.36,82.56,83.4,81.83,95650000.0,0.0058
2020-06-09,86.0,83.03,86.4,83.0,147710000.0,0.0317
2020-06-10,88.21,86.97,88.69,86.52,166650000.0,0.025699999999999997
2020-06-11,83.97,87.33,87.77,83.87,201660000.0,-0.0481
2020-06-12,84.7,86.18,86.95,83.56,200150000.0,0.0087
2020-06-15,85.75,83.31,86.42,83.14,138810000.0,0.0124
2020-06-16,88.02,87.86,88.3,86.18,165430000.0,0.0265
2020-06-17,87.9,88.79,88.85,87.77,114410000.0,-0.0014000000000000002
2020-06-18,87.93,87.85,88.36,87.31,96820000.0,0.0003
2020-06-19,87.43,88.66,89.14,86.29,264480000.00000003,-0.005699999999999999
2020-06-22,89.72,87.83,89.86,87.79,135450000.0,0.0262
2020-06-23,91.63,91.0,93.09,90.57,212160000.0,0.0213
2020-06-24,90.02,91.25,92.2,89.63,192620000.0,-0.0176
2020-06-25,91.21,90.17,91.25,89.39,137520000.0,0.0132
2020-06-26,88.41,91.1,91.33,88.25,205260000.0,-0.030699999999999998
2020-06-29,90.44,88.31,90.54,87.82,130650000.0,0.023
2020-06-30,91.2,90.02,91.5,90.0,140220000.0,0.0084
2020-07-01,91.03,91.28,91.84,90.98,110740000.0,-0.0019
2020-07-02,91.03,91.96,92.62,90.91,114040000.0,0.0
2020-07-06,93.46,92.5,93.94,92.47,118660000.0,0.026699999999999998
2020-07-07,93.17,93.85,94.66,93.06,112420000.0,-0.0031
2020-07-08,95.34,94.18,95.38,94.09,117090000.0,0.0233
2020-07-09,95.68,96.26,96.32,94.67,125640000.0,0.0036
2020-07-10,95.92,95.33,95.98,94.71,90260000.0,0.0025
2020-07-13,95.48,97.27,99.95,95.26,191650000.0,-0.0046
2020-07-14,97.06,94.84,97.25,93.88,170990000.0,0.0165
2020-07-15,97.72,98.99,99.25,96.49,153200000.0,0.0068000000000000005
2020-07-16,96.52,96.56,97.41,95.91,110580000.0,-0.0123
2020-07-17,96.33,96.99,97.15,95.84,92190000.0,-0.002
2020-07-20,98.36,96.42,98.5,96.06,90320000.0,0.021099999999999997
2020-07-21,97.0,99.17,99.25,96.74,103650000.0,-0.0138
2020-07-22,97.27,96.69,97.97,96.6,89000000.0,0.0028000000000000004
2020-07-23,92.84,97.0,97.08,92.01,197000000.0,-0.0455
2020-07-24,92.61,90.99,92.97,89.14,185440000.0,-0.0025
2020-07-27,94.81,93.71,94.91,93.48,121210000.0,0.023799999999999998
2020-07-28,93.25,94.37,94.55,93.25,103630000.0,-0.0165
2020-07-29,95.04,93.75,95.23,93.71,90330000.0,0.0192
2020-07-30,96.19,94.19,96.3,93.77,158130000.0,0.0121
2020-07-31,106.26,102.88,106.42,100.83,374300000.0,0.1047
2020-08-03,108.94,108.2,111.64,107.89,308150000.0,0.0252
2020-08-04,109.67,109.13,110.79,108.39,172790000.0,0.0067
2020-08-05,110.06,109.38,110.39,108.9,121990000.0,0.0036
2020-08-06,113.9,110.41,114.41,109.8,202430000.0,0.0349
2020-08-07,111.11,113.2,113.67,110.29,198050000.0,-0.0245
2020-08-10,112.73,112.6,113.78,110.0,212400000.0,0.0146
2020-08-11,109.38,111.97,112.48,109.11,187900000.0,-0.0297
2020-08-12,113.01,110.5,113.28,110.3,165940000.0,0.0332
2020-08-13,115.01,114.43,116.04,113.93,210080000.0,0.0177
2020-08-14,114.91,114.83,115.0,113.05,165570000.0,-0.0009
2020-08-17,114.61,116.06,116.09,113.96,119560000.0,-0.0026
2020-08-18,115.56,114.35,116.0,114.01,105630000.0,0.0083
2020-08-19,115.71,115.98,117.16,115.61,145540000.0,0.0013
2020-08-20,118.28,115.75,118.39,115.73,126910000.0,0.0222
2020-08-21,124.37,119.26,124.87,119.25,338050000.0,0.051500000000000004
2020-08-24,125.86,128.7,128.78,123.94,345940000.0,0.012
2020-08-25,124.83,124.7,125.18,123.05,211500000.0,-0.008199999999999999
2020-08-26,126.52,126.18,126.99,125.08,163020000.0,0.013500000000000002
2020-08-27,125.01,127.14,127.48,123.83,155550000.0,-0.011899999999999999
2020-08-28,124.81,126.01,126.44,124.58,187630000.0,-0.0016
2020-08-31,129.04,127.58,131.0,126.0,225700000.0,0.0339
2020-09-01,134.18,132.76,134.8,130.53,152470000.0,0.0398
2020-09-02,131.4,137.59,137.98,127.0,200120000.0,-0.0207
2020-09-03,120.88,126.91,128.84,120.5,257600000.00000003,-0.0801
2020-09-04,120.96,120.07,123.7,110.89,332610000.0,0.0007000000000000001
2020-09-08,112.82,113.95,118.99,112.68,231370000.0,-0.0673
2020-09-09,117.32,117.26,119.14,115.26,176940000.0,0.039900000000000005
2020-09-10,113.49,120.36,120.5,112.5,182270000.0,-0.0326
2020-09-11,112.0,114.57,115.23,110.0,180860000.0,-0.0131
2020-09-14,115.36,114.72,115.93,112.8,140150000.0,0.03
2020-09-15,115.54,118.33,118.83,113.61,184640000.0,0.0016
2020-09-16,112.13,115.23,116.0,112.04,155030000.0,-0.029500000000000002
2020-09-17,110.34,109.72,112.2,108.71,178010000.0,-0.016
2020-09-18,106.84,110.4,110.88,106.09,287100000.0,-0.0317
2020-09-21,110.08,104.54,110.19,103.1,195710000.0,0.030299999999999997
2020-09-22,111.81,112.68,112.86,109.16,183060000.0,0.015700000000000002
2020-09-23,107.12,111.62,112.11,106.77,150720000.0,-0.04190000000000001
2020-09-24,108.22,105.17,110.25,105.0,167740000.0,0.0103
2020-09-25,112.28,108.43,112.44,107.67,149980000.0,0.0375
2020-09-28,114.96,115.01,115.32,112.78,137670000.0,0.0239
2020-09-29,114.09,114.55,115.31,113.57,100060000.0,-0.0076
2020-09-30,115.81,113.79,117.26,113.62,142680000.0,0.0151
2020-10-01,116.79,117.64,117.72,115.83,116120000.0,0.0085
2020-10-02,113.02,112.89,115.37,112.22,144710000.0,-0.0323
2020-10-05,116.5,113.91,116.65,113.55,106240000.0,0.0308
2020-10-06,113.16,115.7,116.12,112.25,161500000.0,-0.0287
2020-10-07,115.08,114.62,115.55,114.13,96850000.0,0.017
2020-10-08,114.97,116.25,116.4,114.59,83480000.0,-0.001
2020-10-09,116.97,115.28,117.0,114.92,100510000.0,0.0174
2020-10-12,124.4,120.06,125.18,119.28,240230000.0,0.0635
2020-10-13,121.1,125.27,125.39,119.65,262329999.99999997,-0.0265
2020-10-14,121.19,121.0,123.03,119.62,151060000.0,0.0007000000000000001
2020-10-15,120.71,118.72,121.2,118.15,112560000.0,-0.004
2020-10-16,119.02,121.28,121.55,118.81,115390000.0,-0.013999999999999999
2020-10-19,115.98,119.96,120.42,115.66,120640000.0,-0.0255
2020-10-20,117.51,116.2,118.98,115.63,124420000.0,0.0132
2020-10-21,116.87,116.67,118.7,116.45,89950000.0,-0.0054
2020-10-22,115.75,117.45,118.04,114.59,101990000.0,-0.0096
2020-10-23,115.04,116.39,116.55,114.28,82570000.0,-0.0060999999999999995
2020-10-26,115.05,114.01,116.55,112.88,111850000.0,0.0001
2020-10-27,116.6,115.49,117.28,114.54,92280000.0,0.013500000000000002
2020-10-28,111.2,115.05,115.43,111.1,143940000.0,-0.0463
2020-10-29,115.32,112.37,116.93,112.2,146130000.0,0.0371
2020-10-30,108.86,111.06,111.99,107.72,190570000.0,-0.055999999999999994
2020-11-02,108.77,109.11,110.68,107.32,122870000.0,-0.0008
2020-11-03,110.44,109.66,111.49,108.73,107620000.0,0.0154
2020-11-04,114.95,114.14,115.59,112.35,138240000.0,0.0408
2020-11-05,119.03,117.95,119.62,116.87,126390000.0,0.0355
2020-11-06,118.69,118.32,119.2,116.13,114460000.0,-0.0029
2020-11-09,116.32,120.5,121.99,116.05,154520000.0,-0.02
2020-11-10,115.97,115.55,117.59,114.13,138020000.0,-0.003
2020-11-11,119.49,117.19,119.63,116.44,112290000.0,0.0304
2020-11-12,119.21,119.62,120.53,118.57,103350000.0,-0.0023
2020-11-13,119.26,119.44,119.67,117.87,81690000.0,0.0004
2020-11-16,120.3,118.92,120.99,118.15,91180000.0,0.0087
2020-11-17,119.39,119.55,120.67,118.96,74270000.0,-0.0076
2020-11-18,118.03,118.61,119.82,118.0,76320000.0,-0.011399999999999999
2020-11-19,118.64,117.59,119.06,116.81,74110000.0,0.0052
2020-11-20,117.34,118.64,118.77,117.29,73600000.0,-0.011000000000000001
2020-11-23,113.85,117.18,117.62,113.75,127960000.0,-0.0297
2020-11-24,115.17,113.91,115.85,112.59,113870000.0,0.0116
2020-11-25,116.03,115.55,116.75,115.17,76500000.0,0.0075
2020-11-27,116.59,116.57,117.49,116.22,46690000.0,0.0048
2020-11-30,119.05,116.97,120.97,116.81,169410000.0,0.021099999999999997
2020-12-01,122.72,121.01,123.47,120.01,128169999.99999999,0.0308
2020-12-02,123.08,122.02,123.37,120.89,89000000.0,0.0029
2020-12-03,122.94,123.52,123.78,122.21,78970000.0,-0.0011
2020-12-04,122.25,122.6,122.86,121.52,78260000.0,-0.005600000000000001
2020-12-07,123.75,122.31,124.57,122.25,86710000.0,0.0123
2020-12-08,124.38,124.37,124.98,123.09,82230000.0,0.0051
2020-12-09,121.78,124.53,125.95,121.0,115090000.0,-0.0209
2020-12-10,123.24,120.5,123.87,120.15,81310000.0,0.012
2020-12-11,122.41,122.43,122.76,120.55,86940000.0,-0.0067
2020-12-14,121.78,122.6,123.35,121.54,79080000.0,-0.0051
2020-12-15,127.88,124.34,127.9,124.13,157570000.0,0.0501
2020-12-16,127.81,127.41,128.37,126.56,98210000.0,-0.0005
2020-12-17,128.7,128.9,129.58,128.04,94360000.0,0.006999999999999999
2020-12-18,126.66,128.96,129.1,126.12,192540000.0,-0.0159
2020-12-21,128.23,125.02,128.31,123.45,121250000.0,0.0124
2020-12-22,131.88,131.61,134.41,129.65,169350000.0,0.0285
2020-12-23,130.96,132.16,132.43,130.78,88220000.0,-0.006999999999999999
2020-12-24,131.97,131.32,133.46,131.1,54930000.0,0.0077
2020-12-28,136.69,133.99,137.34,133.51,124490000.0,0.0358
2020-12-29,134.87,138.05,138.79,134.34,121050000.0,-0.013300000000000001
2020-12-30,133.72,135.58,135.99,133.4,96450000.0,-0.0085
2020-12-31,132.69,134.08,134.74,131.72,99120000.0,-0.0077
2021-01-04,129.41,133.52,133.61,126.76,143300000.0,-0.024700000000000003
2021-01-05,131.01,128.89,131.74,128.43,97660000.0,0.0124
2021-01-06,126.6,127.72,131.05,126.38,155090000.0,-0.0337
2021-01-07,130.92,128.36,131.63,127.86,109580000.0,0.0341
2021-01-08,132.05,132.43,132.63,130.23,105160000.0,0.0086
2021-01-11,128.98,129.19,130.17,128.5,100620000.0,-0.0232
2021-01-12,128.8,128.5,129.69,126.86,91950000.0,-0.0014000000000000002
2021-01-13,130.89,128.76,131.45,128.49,88640000.0,0.016200000000000003
2021-01-14,128.91,130.8,131.0,128.76,90220000.0,-0.0151
2021-01-15,127.14,128.78,130.22,127.0,111600000.0,-0.0137
2021-01-19,127.83,127.78,128.71,126.94,90760000.0,0.0054
2021-01-20,132.03,128.66,132.49,128.55,104320000.0,0.0329
2021-01-21,136.87,133.8,139.67,133.59,120530000.0,0.036699999999999997
2021-01-22,139.07,136.28,139.85,135.02,114460000.0,0.0161
2021-01-25,142.92,143.07,145.09,136.54,157610000.0,0.0277
2021-01-26,143.16,143.6,144.3,141.37,98390000.0,0.0017000000000000001
2021-01-27,142.06,143.43,144.3,140.41,140840000.0,-0.0077
2021-01-28,137.09,139.52,141.99,136.7,142620000.0,-0.035
2021-01-29,131.96,135.83,136.74,130.21,177520000.0,-0.0374
2021-02-01,134.14,133.75,135.38,130.93,106240000.0,0.0165
2021-02-02,134.99,135.73,136.31,134.61,83310000.0,0.0063
2021-02-03,133.94,135.76,135.77,133.61,89880000.0,-0.0078000000000000005
2021-02-04,137.39,136.3,137.4,134.59,84180000.0,0.0258
2021-02-05,136.76,137.35,137.42,135.86,75690000.0,-0.0046
2021-02-08,136.91,136.03,136.96,134.92,71300000.0,0.0011
2021-02-09,136.01,136.62,137.88,135.85,76770000.0,-0.0066
2021-02-10,135.39,136.48,136.99,134.4,73050000.0,-0.0046
2021-02-11,135.13,135.9,136.39,133.77,64280000.0,-0.0019
2021-02-12,135.37,134.35,135.53,133.69,60150000.0,0.0018
2021-02-16,133.19,135.49,136.01,132.79,80580000.0,-0.0161
2021-02-17,130.84,131.25,132.22,129.47,98090000.0,-0.0176
2021-02-18,129.71,129.2,130.0,127.41,96860000.0,-0.0086
2021-02-19,129.87,130.24,130.71,128.8,87670000.0,0.0012
2021-02-22,126.0,128.01,129.72,125.6,103920000.0,-0.0298
2021-02-23,125.86,123.76,126.71,118.39,158270000.0,-0.0011
2021-02-24,125.35,124.94,125.56,122.23,111040000.0,-0.0040999999999999995
2021-02-25,120.99,124.68,126.46,120.54,148200000.0,-0.0348
2021-02-26,121.26,122.59,124.85,121.2,164560000.0,0.0022
2021-03-01,127.79,123.75,127.93,122.79,116310000.0,0.053899999999999997
2021-03-02,125.12,128.41,128.72,125.01,102260000.0,-0.0209
2021-03-03,122.06,124.81,125.71,121.84,112970000.0,-0.0245
2021-03-04,120.13,121.75,123.6,118.62,178150000.0,-0.0158
2021-03-05,121.42,120.98,121.94,117.57,153770000.0,0.010700000000000001
2021-03-08,116.36,120.93,121.0,116.21,154380000.0,-0.0417
2021-03-09,121.08,119.03,122.06,118.79,129530000.0,0.0406
2021-03-10,119.98,121.69,122.17,119.45,111940000.0,-0.0091
2021-03-11,121.96,122.54,123.21,121.26,103030000.0,0.0165
2021-03-12,121.03,120.4,121.17,119.16,88110000.0,-0.0076
2021-03-15,123.99,121.41,124.0,120.42,92590000.0,0.0245
2021-03-16,125.57,125.7,127.22,124.72,115230000.0,0.0127
2021-03-17,124.76,124.05,125.86,122.34,111930000.0,-0.006500000000000001
2021-03-18,120.53,122.88,123.18,120.32,121470000.0,-0.0339
2021-03-19,119.99,119.9,121.43,119.67,185550000.0,-0.0045000000000000005
2021-03-22,123.39,120.33,123.87,120.26,111910000.0,0.028300000000000002
2021-03-23,122.54,123.33,124.24,122.14,95470000.0,-0.0069
2021-03-24,120.09,122.82,122.9,120.06,88530000.0,-0.02
2021-03-25,120.59,119.54,121.66,119.0,98840000.0,0.0042
2021-03-26,121.21,120.35,121.48,118.92,94070000.0,0.0051
2021-03-29,121.39,121.65,122.58,120.73,80820000.0,0.0015
2021-03-30,119.9,120.11,120.4,118.86,85670000.0,-0.0123
2021-03-31,122.15,121.65,123.52,121.15,118320000.0,0.018799999999999997
2021-04-01,123.0,123.66,124.18,122.49,75090000.0,0.006999999999999999
2021-04-05,125.9,123.87,126.16,123.07,88650000.0,0.0236
2021-04-06,126.21,126.5,127.13,125.65,80170000.0,0.0025
2021-04-07,127.9,125.83,127.92,125.14,83470000.0,0.0134
2021-04-08,130.36,128.95,130.39,128.52,88840000.0,0.0192
2021-04-09,133.0,129.8,133.04,129.47,106690000.0,0.0203
2021-04-12,131.24,132.52,132.85,130.63,91420000.0,-0.0132
2021-04-13,134.43,132.44,134.66,131.93,91270000.0,0.024300000000000002
2021-04-14,132.03,134.94,135.0,131.66,87220000.0,-0.0179
2021-04-15,134.5,133.82,135.0,133.64,89350000.0,0.0187
2021-04-16,134.16,134.3,134.67,133.28,84920000.0,-0.0025
2021-04-19,134.84,133.51,135.47,133.34,94260000.0,0.0051
2021-04-20,133.11,135.02,135.53,131.81,94810000.0,-0.0128
2021-04-21,133.5,132.36,133.75,131.3,68850000.0,0.0029
2021-04-22,131.94,133.04,134.15,131.41,84570000.0,-0.011699999999999999
2021-04-23,134.32,132.16,135.12,132.16,78760000.0,0.018000000000000002
2021-04-26,134.72,134.83,135.06,133.56,66910000.0,0.003
2021-04-27,134.39,135.01,135.41,134.11,66019999.99999999,-0.0024
2021-04-28,133.58,134.31,135.02,133.08,107760000.0,-0.006
2021-04-29,133.48,136.47,137.07,132.45,151100000.0,-0.0007000000000000001
2021-04-30,131.46,131.78,133.56,131.06,109840000.0,-0.0151
2021-05-03,132.54,132.04,134.07,131.83,75140000.0,0.008199999999999999
2021-05-04,127.85,131.19,131.49,126.7,137560000.0,-0.0354
2021-05-05,128.1,129.2,130.45,127.97,84000000.0,0.002
2021-05-06,129.74,127.89,129.75,127.13,78130000.0,0.0128
2021-05-07,130.21,130.85,131.26,129.47,78970000.0,0.0036
2021-05-10,126.85,129.41,129.54,126.81,88070000.0,-0.0258
2021-05-11,125.91,123.5,126.27,122.77,126140000.0,-0.0074
2021-05-12,122.77,123.4,124.64,122.25,112170000.0,-0.024900000000000002
2021-05-13,124.97,124.58,126.15,124.26,105860000.0,0.0179
2021-05-14,127.45,126.25,127.89,125.85,81920000.0,0.019799999999999998
2021-05-17,126.27,126.82,126.93,125.17,74240000.0,-0.009300000000000001
2021-05-18,124.85,126.56,126.99,124.78,63340000.0,-0.011200000000000002
2021-05-19,124.69,123.16,124.92,122.86,92610000.0,-0.0013
2021-05-20,127.31,125.23,127.72,125.1,76860000.0,0.021
2021-05-21,125.43,127.82,128.0,125.21,79300000.0,-0.0148
2021-05-24,127.1,126.01,127.94,125.94,63090000.0,0.013300000000000001
2021-05-25,126.9,127.82,128.32,126.32,72010000.0,-0.0016
2021-05-26,126.85,126.95,127.39,126.42,56580000.0,-0.0004
2021-05-27,125.28,126.44,127.64,125.08,94630000.0,-0.0124
2021-05-28,124.61,125.57,125.8,124.55,71310000.0,-0.0053
2021-06-01,124.28,125.08,125.35,123.94,67640000.0,-0.0026
2021-06-02,125.06,124.28,125.24,124.05,59280000.0,0.0063
2021-06-03,123.54,124.68,124.85,123.13,76230000.0,-0.012199999999999999
2021-06-04,125.89,124.07,126.16,123.85,75170000.0,0.019
2021-06-07,125.9,126.17,126.32,124.83,71060000.0,0.0001
2021-06-08,126.74,126.6,128.46,126.21,74400000.0,0.0067
2021-06-09,127.13,127.21,127.75,126.52,56880000.0,0.0031
2021-06-10,126.11,127.02,128.19,125.94,71190000.0,-0.008
2021-06-11,127.35,126.53,127.44,126.1,53520000.0,0.0098
2021-06-14,130.48,127.82,130.54,127.07,96910000.0,0.0246
2021-06-15,129.64,129.94,130.6,129.39,62750000.0,-0.0064
2021-06-16,130.15,130.37,130.89,128.46,91820000.0,0.0039000000000000003
2021-06-17,131.79,129.8,132.55,129.65,96720000.0,0.0126
2021-06-18,130.46,130.71,131.51,130.24,108950000.0,-0.0101
2021-06-21,132.3,130.3,132.41,129.21,79660000.0,0.0141
2021-06-22,133.98,132.13,134.08,131.62,74780000.0,0.0127
2021-06-23,133.7,133.77,134.32,133.23,60210000.0,-0.0021
2021-06-24,133.41,134.45,134.64,132.93,68710000.0,-0.0022
2021-06-25,133.11,133.46,133.89,132.81,70780000.0,-0.0022
2021-06-28,134.78,133.41,135.25,133.35,62110000.0,0.0125
2021-06-29,136.33,134.8,136.49,134.35,64560000.0,0.0115
2021-06-30,136.96,136.17,137.41,135.87,63260000.0,0.0046
2021-07-01,137.27,136.6,137.33,135.76,52490000.0,0.0023
2021-07-02,139.96,137.9,140.0,137.75,78950000.0,0.0196
2021-07-06,142.02,140.07,143.15,140.07,108180000.0,0.0147
2021-07-07,144.57,143.53,144.89,142.66,104910000.0,0.018000000000000002
2021-07-08,143.24,141.58,144.06,140.66,105580000.0,-0.0092
2021-07-09,145.11,142.75,145.65,142.65,99890000.0,0.0131
2021-07-12,144.5,146.21,146.32,144.0,76300000.0,-0.0042
2021-07-13,145.64,144.03,147.46,143.63,100830000.0,0.0079
2021-07-14,149.15,148.1,149.57,147.68,127050000.0,0.0241
2021-07-15,148.48,149.24,150.0,147.09,106820000.0,-0.0045000000000000005
2021-07-16,146.39,148.46,149.76,145.88,93250000.0,-0.0141
2021-07-19,142.45,143.75,144.07,141.67,121430000.0,-0.0269
2021-07-20,146.15,143.46,147.1,142.96,96350000.0,0.026000000000000002
2021-07-21,145.4,145.53,146.13,144.63,74990000.0,-0.0051
2021-07-22,146.8,145.94,148.19,145.81,77340000.0,0.0096
2021-07-23,148.56,147.55,148.72,146.92,71450000.0,0.012
2021-07-26,148.99,148.27,149.83,147.7,72430000.0,0.0029
2021-07-27,146.77,149.12,149.21,145.55,104820000.0,-0.0149
2021-07-28,144.98,144.81,146.97,142.54,118930000.0,-0.012199999999999999
2021-07-29,145.64,144.69,146.55,144.58,56700000.0,0.0046
2021-07-30,145.86,144.38,146.33,144.11,70440000.0,0.0015
2021-08-02,145.52,146.36,146.95,145.25,62880000.0,-0.0023
2021-08-03,147.36,145.81,148.04,145.18,64790000.00000001,0.0126
2021-08-04,146.95,147.27,147.79,146.28,56370000.0,-0.0028000000000000004
2021-08-05,147.06,146.98,147.84,146.17,46400000.0,0.0007000000000000001
2021-08-06,146.14,146.35,147.11,145.63,54130000.0,-0.0063
2021-08-09,146.09,146.2,146.7,145.52,48910000.0,-0.0003
2021-08-10,145.6,146.44,147.71,145.3,69020000.0,-0.0034000000000000002
2021-08-11,145.86,146.05,146.72,145.53,48490000.0,0.0018
2021-08-12,148.89,146.19,149.05,145.84,73780000.0,0.0208
2021-08-13,149.1,148.97,149.44,148.27,59380000.0,0.0014000000000000002
2021-08-16,151.12,148.53,151.19,146.47,103560000.0,0.013500000000000002
2021-08-17,150.19,150.23,151.68,149.09,92230000.0,-0.0062
2021-08-18,146.36,149.8,150.72,146.15,86330000.0,-0.0255
2021-08-19,146.7,145.03,148.0,144.5,86960000.0,0.0023
2021-08-20,148.19,147.44,148.5,146.78,60550000.0,0.0102
2021-08-23,149.71,148.31,150.19,147.89,60130000.0,0.0103
2021-08-24,149.62,149.45,150.86,149.15,48610000.0,-0.0006
2021-08-25,148.36,149.81,150.32,147.8,58990000.0,-0.0084
2021-08-26,147.54,148.35,149.12,147.51,48600000.0,-0.0055000000000000005
2021-08-27,148.6,147.48,148.75,146.83,55800000.0,0.0072
2021-08-30,153.12,149.0,153.49,148.61,90960000.0,0.0304
2021-08-31,151.83,152.66,152.8,151.29,86450000.0,-0.0084
2021-09-01,152.51,152.83,154.98,152.34,80310000.0,0.0045000000000000005
2021-09-02,153.65,153.87,154.72,152.4,71170000.0,0.0075
2021-09-03,154.3,153.76,154.63,153.09,57870000.0,0.0042
2021-09-07,156.69,154.97,157.26,154.39,82280000.0,0.0155
2021-09-08,155.11,156.98,157.04,153.97,74420000.0,-0.0101
2021-09-09,154.07,155.49,156.11,153.95,57310000.0,-0.0067
2021-09-10,148.97,155.0,155.48,148.7,140890000.0,-0.0331
2021-09-13,149.55,150.63,151.42,148.75,102400000.0,0.0039000000000000003
2021-09-14,148.12,150.35,151.07,146.91,109300000.0,-0.0096
2021-09-15,149.03,148.56,149.44,146.37,83280000.0,0.0060999999999999995
2021-09-16,148.79,148.44,148.97,147.22,68030000.0,-0.0016
2021-09-17,146.06,148.82,148.82,145.76,129870000.0,-0.0183
2021-09-20,142.94,143.8,144.84,141.27,123480000.0,-0.021400000000000002
2021-09-21,143.43,143.93,144.6,142.78,75830000.0,0.0034000000000000002
2021-09-22,145.85,144.45,146.43,143.7,76400000.0,0.0169
2021-09-23,146.83,146.65,147.08,145.64,64840000.0,0.0067
2021-09-24,146.92,145.66,147.47,145.56,53480000.0,0.0006
2021-09-27,145.37,145.47,145.96,143.82,74150000.0,-0.0105
2021-09-28,141.91,143.25,144.75,141.69,108970000.0,-0.023799999999999998
2021-09-29,142.83,142.47,144.45,142.03,74600000.0,0.006500000000000001
2021-09-30,141.5,143.66,144.38,141.28,89060000.0,-0.009300000000000001
2021-10-01,142.65,141.9,142.92,139.11,94640000.0,0.008100000000000001
2021-10-04,139.14,141.76,142.21,138.27,98320000.0,-0.0246
2021-10-05,141.11,139.49,142.24,139.36,80860000.0,0.014199999999999999
2021-10-06,142.0,139.47,142.15,138.37,83220000.0,0.0063
2021-10-07,143.29,143.06,144.22,142.72,61730000.0,0.0091
2021-10-08,142.9,144.03,144.18,142.56,58770000.0,-0.0027
2021-10-11,142.81,142.27,144.81,141.81,64450000.0,-0.0006
2021-10-12,141.51,143.23,143.25,141.04,73040000.0,-0.0091
2021-10-13,140.91,141.24,141.4,139.2,78760000.0,-0.0042
2021-10-14,143.76,142.11,143.88,141.51,69910000.0,0.0202
2021-10-15,144.84,143.77,144.9,143.51,67940000.0,0.0075
2021-10-18,146.55,143.44,146.84,143.16,85590000.0,0.0118
2021-10-19,148.76,147.01,149.17,146.55,76380000.0,0.0151
2021-10-20,149.26,148.7,149.75,148.12,58420000.0,0.0034000000000000002
2021-10-21,149.48,148.81,149.64,147.87,61420000.0,0.0015
2021-10-22,148.69,149.69,150.18,148.64,58880000.0,-0.0053
2021-10-25,148.64,148.68,149.37,147.62,50720000.0,-0.0003
2021-10-26,149.32,149.33,150.84,149.01,60890000.0,0.0046
2021-10-27,148.85,149.36,149.73,148.49,56090000.0,-0.0031
2021-10-28,152.57,149.82,153.16,149.72,100080000.0,0.025
2021-10-29,149.8,147.22,149.94,146.41,124950000.0,-0.0182
2021-11-01,148.96,148.99,149.7,147.8,74590000.0,-0.005600000000000001
2021-11-02,150.02,148.66,151.57,148.65,69120000.0,0.0070999999999999995
2021-11-03,151.49,150.39,151.97,149.82,54510000.0,0.0098
2021-11-04,150.96,151.58,152.43,150.64,60390000.0,-0.0034999999999999996
2021-11-05,151.28,151.89,152.2,150.06,65459999.99999999,0.0021
2021-11-08,150.44,151.41,151.57,150.16,55020000.0,-0.005600000000000001
2021-11-09,150.81,150.2,151.43,150.06,56790000.0,0.0025
2021-11-10,147.92,150.02,150.13,147.85,65190000.0,-0.0192
2021-11-11,147.87,148.96,149.43,147.68,41000000.0,-0.0003
2021-11-12,149.99,148.43,150.4,147.48,63800000.0,0.0143
2021-11-15,150.0,150.37,151.88,149.43,59220000.0,0.0001
2021-11-16,151.0,149.94,151.49,149.34,59260000.0,0.0067
2021-11-17,153.49,151.0,155.0,150.99,88810000.0,0.0165
2021-11-18,157.87,153.71,158.67,153.05,137830000.0,0.0285
2021-11-19,160.55,157.65,161.02,156.53,117310000.0,0.017
2021-11-22,161.02,161.68,165.7,161.0,117470000.0,0.0029
2021-11-23,161.41,161.12,161.8,159.06,96040000.0,0.0024
2021-11-24,161.94,160.75,162.14,159.64,69460000.0,0.0033
2021-11-26,156.81,159.56,160.45,156.36,76960000.0,-0.0317
2021-11-29,160.24,159.37,161.19,158.79,88750000.0,0.0219
2021-11-30,165.3,159.99,165.52,159.92,174050000.0,0.0316
2021-12-01,164.77,167.48,170.3,164.53,152420000.0,-0.0032
2021-12-02,163.76,158.74,164.2,157.8,136740000.0,-0.0060999999999999995
2021-12-03,161.84,164.02,164.96,159.72,118020000.0,-0.011699999999999999
2021-12-06,165.32,164.29,167.88,164.28,107500000.0,0.0215
2021-12-07,171.18,169.08,171.58,168.34,120410000.0,0.0354
2021-12-08,175.08,172.12,175.96,170.7,117000000.0,0.022799999999999997
2021-12-09,174.56,174.91,176.75,173.92,108920000.0,-0.003
2021-12-10,179.45,175.21,179.63,174.69,115400000.0,0.027999999999999997
2021-12-13,175.74,181.12,182.13,175.53,153240000.0,-0.0207
2021-12-14,174.33,175.25,177.74,172.21,139380000.0,-0.008
2021-12-15,179.3,175.11,179.5,172.31,131060000.0,0.0285
2021-12-16,172.26,179.28,181.14,170.75,150190000.0,-0.0393
2021-12-17,171.14,169.93,173.47,169.69,195920000.0,-0.006500000000000001
2021-12-20,169.75,168.28,170.58,167.46,107500000.0,-0.008100000000000001
2021-12-21,172.99,171.56,173.2,169.12,91190000.0,0.0191
2021-12-22,175.64,173.04,175.86,172.15,92140000.0,0.015300000000000001
2021-12-23,176.28,175.85,176.85,175.27,68360000.0,0.0036
2021-12-27,180.33,177.09,180.42,177.07,74920000.0,0.023
2021-12-28,179.29,180.16,181.33,178.53,79140000.0,-0.0058
2021-12-29,179.38,179.33,180.63,178.14,62350000.0,0.0005
2021-12-30,178.2,179.47,180.57,178.09,59770000.0,-0.0066
2021-12-31,177.57,178.09,179.23,177.26,64060000.0,-0.0034999999999999996
2022-01-03,182.01,177.83,182.88,177.71,104700000.0,0.025
2022-01-04,179.7,182.63,182.94,179.12,99310000.0,-0.0127
2022-01-05,174.92,179.61,180.17,174.64,94540000.0,-0.026600000000000002
2022-01-06,172.0,172.7,175.3,171.64,96900000.0,-0.0167
2022-01-07,172.17,172.89,174.14,171.03,86710000.0,0.001
2022-01-10,172.19,169.08,172.5,168.17,106770000.0,0.0001
2022-01-11,175.08,172.32,175.18,170.82,76140000.0,0.0168
2022-01-12,175.53,176.12,177.18,174.82,74810000.0,0.0026
2022-01-13,172.19,175.78,176.62,171.79,84510000.0,-0.019
2022-01-14,173.07,171.34,173.78,171.09,80440000.0,0.0051
2022-01-18,169.8,171.51,172.54,169.41,91170000.0,-0.0189
2022-01-19,166.23,170.0,171.08,165.94,94810000.0,-0.021
2022-01-20,164.51,166.98,169.68,164.18,91420000.0,-0.0103
2022-01-21,162.41,164.41,166.33,162.3,122850000.0,-0.0128
2022-01-24,161.62,160.02,162.3,154.7,162710000.0,-0.0049
2022-01-25,159.78,158.98,162.76,157.02,115800000.0,-0.011399999999999999
2022-01-26,159.69,163.5,164.39,157.82,108280000.0,-0.0006
2022-01-27,159.22,162.45,163.84,158.28,121950000.0,-0.0029
2022-01-28,170.33,165.71,170.35,162.8,179940000.0,0.0698
2022-01-31,174.78,170.16,175.0,169.51,115540000.0,0.026099999999999998
2022-02-01,174.61,174.01,174.84,172.31,86210000.0,-0.001
2022-02-02,175.84,174.75,175.88,173.33,84910000.0,0.006999999999999999
2022-02-03,172.9,174.48,176.24,172.12,89420000.0,-0.0167
2022-02-04,172.39,171.68,174.1,170.68,82470000.0,-0.0029
2022-02-07,171.66,172.86,173.95,170.95,77250000.0,-0.0042
2022-02-08,174.83,171.73,175.35,171.43,74830000.0,0.018500000000000003
2022-02-09,176.28,176.05,176.65,174.9,71290000.0,0.0083
2022-02-10,172.12,174.14,175.48,171.55,90870000.0,-0.0236
2022-02-11,168.64,172.33,173.08,168.04,98670000.0,-0.0202
2022-02-14,168.88,167.37,169.58,166.56,86190000.0,0.0014000000000000002
2022-02-15,172.79,170.97,172.95,170.25,64290000.00000001,0.0232
2022-02-16,172.55,171.85,173.34,170.05,61180000.0,-0.0014000000000000002
2022-02-17,168.88,171.03,171.91,168.47,69590000.0,-0.0213
2022-02-18,167.3,169.82,170.54,166.19,82770000.0,-0.009399999999999999
2022-02-22,164.32,164.98,166.69,162.15,91160000.0,-0.0178
2022-02-23,160.07,165.54,166.15,159.75,90010000.0,-0.0259
2022-02-24,162.74,152.58,162.85,152.0,141150000.0,0.0167
2022-02-25,164.85,163.84,165.12,160.87,91970000.0,0.013000000000000001
2022-02-28,165.12,163.06,165.42,162.43,95060000.0,0.0016
2022-03-01,163.2,164.69,166.6,161.97,83470000.0,-0.0116
2022-03-02,166.56,164.39,167.36,162.95,79720000.0,0.0206
2022-03-03,166.23,168.47,168.91,165.55,76680000.0,-0.002
2022-03-04,163.17,164.49,165.55,162.1,83820000.0,-0.0184
2022-03-07,159.3,163.36,165.02,159.04,96420000.0,-0.023700000000000002
2022-03-08,157.44,158.82,162.88,155.8,131150000.0,-0.011699999999999999
2022-03-09,162.95,161.47,163.41,159.41,91450000.0,0.035
2022-03-10,158.52,160.2,160.39,155.98,105340000.0,-0.027200000000000002
2022-03-11,154.73,158.93,159.28,154.5,96970000.0,-0.0239
2022-03-14,150.62,151.45,154.12,150.1,108730000.0,-0.026600000000000002
2022-03-15,155.09,150.9,155.57,150.38,92960000.0,0.0297
2022-03-16,159.59,157.05,160.0,154.46,102300000.0,0.028999999999999998
2022-03-17,160.62,158.61,161.0,157.63,75620000.0,0.006500000000000001
2022-03-18,163.98,160.51,164.48,159.76,123510000.0,0.0209
2022-03-21,165.38,163.51,166.35,163.01,95810000.0,0.0085
2022-03-22,168.82,165.51,169.42,164.91,81530000.0,0.0208
2022-03-23,170.21,167.99,172.64,167.65,98060000.0,0.008199999999999999
2022-03-24,174.07,171.06,174.14,170.21,90130000.0,0.0227
2022-03-25,174.72,173.88,175.28,172.75,80550000.0,0.0037
2022-03-28,175.6,172.17,175.73,172.0,90370000.0,0.005
2022-03-29,178.96,176.69,179.01,176.34,100590000.0,0.0191
2022-03-30,177.77,178.55,179.61,176.7,92630000.0,-0.0066
2022-03-31,174.61,177.84,178.03,174.4,103050000.0,-0.0178
2022-04-01,174.31,174.03,174.88,171.94,78750000.0,-0.0017000000000000001
2022-04-04,178.44,174.57,178.49,174.44,76550000.0,0.023700000000000002
2022-04-05,175.06,177.5,178.3,174.41,73400000.0,-0.0189
2022-04-06,171.83,172.36,173.63,170.13,89060000.0,-0.018500000000000003
2022-04-07,172.14,171.16,173.36,169.85,77590000.0,0.0018
2022-04-08,170.09,171.78,171.78,169.2,76580000.0,-0.011899999999999999
2022-04-11,165.75,168.71,169.03,165.5,72250000.0,-0.0255
2022-04-12,167.66,168.02,169.87,166.64,79270000.0,0.0115
2022-04-13,170.4,167.39,171.04,166.77,70620000.0,0.0163
2022-04-14,165.29,170.62,171.27,165.04,75330000.0,-0.03
2022-04-18,165.07,163.92,166.6,163.57,69020000.0,-0.0013
2022-04-19,167.4,165.02,167.82,163.91,67720000.0,0.0141
2022-04-20,167.23,168.76,168.88,166.1,67930000.0,-0.001
2022-04-21,166.42,168.91,171.53,165.91,87230000.0,-0.0048
2022-04-22,161.79,166.46,167.87,161.5,84880000.0,-0.0278
2022-04-25,162.88,161.12,163.17,158.46,96050000.0,0.0067
2022-04-26,156.8,162.25,162.34,156.72,95620000.0,-0.0373
2022-04-27,156.57,155.91,159.79,155.38,88060000.0,-0.0015
2022-04-28,163.64,159.25,164.51,158.93,130220000.0,0.0452
2022-04-29,157.65,161.84,166.2,157.25,131750000.0,-0.0366
2022-05-02,157.96,156.71,158.23,153.27,123060000.0,0.002
2022-05-03,159.48,158.15,160.71,156.32,88970000.0,0.0096
2022-05-04,166.02,159.67,166.48,159.26,108260000.0,0.040999999999999995
2022-05-05,156.77,163.85,164.08,154.95,130530000.0,-0.0557
2022-05-06,157.28,156.01,159.44,154.18,116120000.0,0.0033
2022-05-09,152.06,154.93,155.83,151.49,131580000.00000001,-0.0332
2022-05-10,154.51,155.52,156.74,152.93,115370000.0,0.0161
2022-05-11,146.5,153.5,155.45,145.81,142690000.0,-0.0518
2022-05-12,142.56,142.77,146.2,138.8,182600000.0,-0.0269
2022-05-13,147.11,144.59,148.1,143.11,113990000.0,0.0319
2022-05-16,145.54,145.55,147.52,144.18,85570000.0,-0.010700000000000001
2022-05-17,149.24,148.86,149.77,146.68,76170000.0,0.0254
2022-05-18,140.82,146.85,147.36,139.9,108930000.0,-0.0564
2022-05-19,137.35,139.88,141.66,136.6,136100000.0,-0.0246
2022-05-20,137.59,139.09,140.7,132.61,137430000.0,0.0017000000000000001
2022-05-23,143.11,137.79,143.26,137.65,116070000.0,0.0401
2022-05-24,140.36,140.8,141.97,137.33,103550000.0,-0.0192
2022-05-25,140.52,138.43,141.79,138.34,91840000.0,0.0011
2022-05-26,143.78,137.39,144.34,137.14,90350000.0,0.0232
2022-05-27,149.64,145.39,149.68,145.26,90980000.0,0.0408
2022-05-31,148.84,149.07,150.66,146.84,103320000.0,-0.0053
2022-06-01,148.71,149.9,151.74,147.68,74050000.0,-0.0009
2022-06-02,151.21,147.83,151.27,146.86,72100000.0,0.0168
2022-06-03,145.38,146.9,147.97,144.46,88570000.0,-0.038599999999999995
2022-06-06,146.14,147.03,148.57,144.9,71600000.0,0.0052
2022-06-07,148.71,144.35,149.0,144.1,67130000.0,0.0176
2022-06-08,147.96,148.58,149.87,147.46,53700000.0,-0.005
2022-06-09,142.64,147.08,147.95,142.53,68690000.0,-0.036000000000000004
2022-06-10,137.13,140.28,140.76,137.06,91160000.0,-0.038599999999999995
2022-06-13,131.88,132.87,135.2,131.44,121170000.0,-0.0383
2022-06-14,132.76,133.13,133.89,131.48,83890000.0,0.0067
2022-06-15,135.43,134.29,137.34,132.16,90900000.0,0.020099999999999996
2022-06-16,130.06,132.08,132.39,129.04,107960000.0,-0.0397
2022-06-17,131.56,130.07,133.08,129.81,132380000.0,0.0115
